epoch,acc,iou,loss,lr,val_acc,val_iou,val_loss
0,0.9644744992256165,0.34783974289894104,0.22891514003276825,1e-04,0.9730387926101685,0.3813459575176239,0.13802534341812134
